Link,001,Campo,$a,SC2
http://catalogo.fi.uba.ar:8080/cgi-bin/koha/cataloguing/addbiblio.pl?biblionumber==001  20841,=001  20841,100,"b'Silveyra Olazabal, Luis'"
http://catalogo.fi.uba.ar:8080/cgi-bin/koha/cataloguing/addbiblio.pl?biblionumber==001  20841,=001  20841,650,b'ADOQUINES'
http://catalogo.fi.uba.ar:8080/cgi-bin/koha/cataloguing/addbiblio.pl?biblionumber==001  20841,=001  20841,650,b'PAVIMENTOS ARTICULADOS'
http://catalogo.fi.uba.ar:8080/cgi-bin/koha/cataloguing/addbiblio.pl?biblionumber==001  20841,=001  20841,700,"b'Balb\xc3\xadn, Valent\xc3\xadn'"
http://catalogo.fi.uba.ar:8080/cgi-bin/koha/cataloguing/addbiblio.pl?biblionumber==001  20841,=001  20841,700,"b'B\xc3\xbctner, Adolfo T.'"
http://catalogo.fi.uba.ar:8080/cgi-bin/koha/cataloguing/addbiblio.pl?biblionumber==001  20841,=001  20841,700,"b'Rossetti, Emilio'"
http://catalogo.fi.uba.ar:8080/cgi-bin/koha/cataloguing/addbiblio.pl?biblionumber==001  20842,=001  20842,100,"b'Aguirre, Eduardo'"
http://catalogo.fi.uba.ar:8080/cgi-bin/koha/cataloguing/addbiblio.pl?biblionumber==001  20843,=001  20843,650,b'PUENTES DE MENSULA'
http://catalogo.fi.uba.ar:8080/cgi-bin/koha/cataloguing/addbiblio.pl?biblionumber==001  20843,=001  20843,700,"b'Silveyra, Luis'"
http://catalogo.fi.uba.ar:8080/cgi-bin/koha/cataloguing/addbiblio.pl?biblionumber==001  20844,=001  20844,100,"b'Allaria Amezaga, Jos\xc3\xa9 A.'"
http://catalogo.fi.uba.ar:8080/cgi-bin/koha/cataloguing/addbiblio.pl?biblionumber==001  20844,=001  20844,700,"b'Dubecq, Ra\xc3\xbal E.'"
http://catalogo.fi.uba.ar:8080/cgi-bin/koha/cataloguing/addbiblio.pl?biblionumber==001  20844,=001  20844,700,"b'Duclout, Jorge'"
http://catalogo.fi.uba.ar:8080/cgi-bin/koha/cataloguing/addbiblio.pl?biblionumber==001  20844,=001  20844,700,"b'Huergo, Eduardo'"
http://catalogo.fi.uba.ar:8080/cgi-bin/koha/cataloguing/addbiblio.pl?biblionumber==001  20844,=001  20844,700,"b'Rabinovich, Delf\xc3\xadn'"
http://catalogo.fi.uba.ar:8080/cgi-bin/koha/cataloguing/addbiblio.pl?biblionumber==001  20844,=001  20844,700,"b'Romero, Juli\xc3\xa1n'"
http://catalogo.fi.uba.ar:8080/cgi-bin/koha/cataloguing/addbiblio.pl?biblionumber==001  20845,=001  20845,100,"b'Amespil, Lorenzo'"
http://catalogo.fi.uba.ar:8080/cgi-bin/koha/cataloguing/addbiblio.pl?biblionumber==001  20846,=001  20846,100,"b'Amor\xc3\xa9tti, F\xc3\xa9lix'"
http://catalogo.fi.uba.ar:8080/cgi-bin/koha/cataloguing/addbiblio.pl?biblionumber==001  20847,=001  20847,100,"b'Anselmo, Julio C.'"
http://catalogo.fi.uba.ar:8080/cgi-bin/koha/cataloguing/addbiblio.pl?biblionumber==001  20848,=001  20848,100,"b'Arambarri, Alberto'"
http://catalogo.fi.uba.ar:8080/cgi-bin/koha/cataloguing/addbiblio.pl?biblionumber==001  20849,=001  20849,100,"b'Arce, Santiago'"
http://catalogo.fi.uba.ar:8080/cgi-bin/koha/cataloguing/addbiblio.pl?biblionumber==001  20850,=001  20850,100,"b'Arga\xc3\xb1araz, Trist\xc3\xa1n R.'"
http://catalogo.fi.uba.ar:8080/cgi-bin/koha/cataloguing/addbiblio.pl?biblionumber==001  20850,=001  20850,700,"b'Duclout, Jorge'"
http://catalogo.fi.uba.ar:8080/cgi-bin/koha/cataloguing/addbiblio.pl?biblionumber==001  20850,=001  20850,700,"b'Mercau, Agust\xc3\xadn'"
http://catalogo.fi.uba.ar:8080/cgi-bin/koha/cataloguing/addbiblio.pl?biblionumber==001  20850,=001  20850,700,"b'Romero, Juli\xc3\xa1n'"
http://catalogo.fi.uba.ar:8080/cgi-bin/koha/cataloguing/addbiblio.pl?biblionumber==001  20850,=001  20850,700,"b'Segovia, Fernando'"
http://catalogo.fi.uba.ar:8080/cgi-bin/koha/cataloguing/addbiblio.pl?biblionumber==001  20851,=001  20851,100,"b'Arg\xc3\xbcelles, Manuel'"
http://catalogo.fi.uba.ar:8080/cgi-bin/koha/cataloguing/addbiblio.pl?biblionumber==001  20852,=001  20852,100,"b'Arias, Eduardo'"
http://catalogo.fi.uba.ar:8080/cgi-bin/koha/cataloguing/addbiblio.pl?biblionumber==001  20853,=001  20853,100,"b'Bachofen, Elisa B.'"
http://catalogo.fi.uba.ar:8080/cgi-bin/koha/cataloguing/addbiblio.pl?biblionumber==001  20854,=001  20854,100,"b'Balb\xc3\xadn, Valent\xc3\xadn'"
http://catalogo.fi.uba.ar:8080/cgi-bin/koha/cataloguing/addbiblio.pl?biblionumber==001  20854,=001  20854,700,"b'B\xc3\xbctner, Adolfo T.'"
http://catalogo.fi.uba.ar:8080/cgi-bin/koha/cataloguing/addbiblio.pl?biblionumber==001  20854,=001  20854,700,"b'Rossetti, Emilio'"
http://catalogo.fi.uba.ar:8080/cgi-bin/koha/cataloguing/addbiblio.pl?biblionumber==001  20854,=001  20854,700,"b'Silveyra, Luis'"
http://catalogo.fi.uba.ar:8080/cgi-bin/koha/cataloguing/addbiblio.pl?biblionumber==001  20855,=001  20855,100,"b'Baldrich, Alonso'"
http://catalogo.fi.uba.ar:8080/cgi-bin/koha/cataloguing/addbiblio.pl?biblionumber==001  20855,=001  20855,650,b'PUENTES DE CARRETERA'
http://catalogo.fi.uba.ar:8080/cgi-bin/koha/cataloguing/addbiblio.pl?biblionumber==001  20856,=001  20856,100,"b'Bali\xc3\xb1a, Manuel R.'"
http://catalogo.fi.uba.ar:8080/cgi-bin/koha/cataloguing/addbiblio.pl?biblionumber==001  20857,=001  20857,100,"b'Baralis, Lorenzo'"
http://catalogo.fi.uba.ar:8080/cgi-bin/koha/cataloguing/addbiblio.pl?biblionumber==001  20858,=001  20858,100,"b'Bergallo, Arsenio'"
http://catalogo.fi.uba.ar:8080/cgi-bin/koha/cataloguing/addbiblio.pl?biblionumber==001  20859,=001  20859,100,"b'Berretta, Sebasti\xc3\xa1n'"
http://catalogo.fi.uba.ar:8080/cgi-bin/koha/cataloguing/addbiblio.pl?biblionumber==001  20859,=001  20859,650,b'MOVIMIENTO DE TIERRA'
http://catalogo.fi.uba.ar:8080/cgi-bin/koha/cataloguing/addbiblio.pl?biblionumber==001  20860,=001  20860,100,"b'Bonnesserre, Alberto'"
http://catalogo.fi.uba.ar:8080/cgi-bin/koha/cataloguing/addbiblio.pl?biblionumber==001  20861,=001  20861,100,"b'Brady, Ciro T.'"
http://catalogo.fi.uba.ar:8080/cgi-bin/koha/cataloguing/addbiblio.pl?biblionumber==001  20861,=001  20861,650,b'ESTACIONES DE CLASIFICACION[FERROCARRILES]'
http://catalogo.fi.uba.ar:8080/cgi-bin/koha/cataloguing/addbiblio.pl?biblionumber==001  20862,=001  20862,100,"b'Burgos, Ricardo (h.)'"
http://catalogo.fi.uba.ar:8080/cgi-bin/koha/cataloguing/addbiblio.pl?biblionumber==001  20863,=001  20863,100,"b'Butler, Jorge G.'"
http://catalogo.fi.uba.ar:8080/cgi-bin/koha/cataloguing/addbiblio.pl?biblionumber==001  20864,=001  20864,700,"b'Mari\xc3\xb1o, Jos\xc3\xa9'"
http://catalogo.fi.uba.ar:8080/cgi-bin/koha/cataloguing/addbiblio.pl?biblionumber==001  20865,=001  20865,100,"b'Calandra, Ra\xc3\xbal A.'"
http://catalogo.fi.uba.ar:8080/cgi-bin/koha/cataloguing/addbiblio.pl?biblionumber==001  20866,=001  20866,100,"b'Capelle, Ren\xc3\xa9'"
http://catalogo.fi.uba.ar:8080/cgi-bin/koha/cataloguing/addbiblio.pl?biblionumber==001  20866,=001  20866,650,b'REVESTIMIENTOS DE EMBALSES'
http://catalogo.fi.uba.ar:8080/cgi-bin/koha/cataloguing/addbiblio.pl?biblionumber==001  20867,=001  20867,100,"b'Carreras, Alberto de las'"
http://catalogo.fi.uba.ar:8080/cgi-bin/koha/cataloguing/addbiblio.pl?biblionumber==001  20867,=001  20867,700,"b'\xc3\x81lvarez de Toledo, Belisario'"
http://catalogo.fi.uba.ar:8080/cgi-bin/koha/cataloguing/addbiblio.pl?biblionumber==001  20867,=001  20867,700,"b'Darquier, Juan'"
http://catalogo.fi.uba.ar:8080/cgi-bin/koha/cataloguing/addbiblio.pl?biblionumber==001  20867,=001  20867,700,"b'Labarthe, Julio'"
http://catalogo.fi.uba.ar:8080/cgi-bin/koha/cataloguing/addbiblio.pl?biblionumber==001  20867,=001  20867,700,"b'Nogu\xc3\xa9s, Pablo'"
http://catalogo.fi.uba.ar:8080/cgi-bin/koha/cataloguing/addbiblio.pl?biblionumber==001  20868,=001  20868,100,"b'Carvalho, Antonio J.'"
http://catalogo.fi.uba.ar:8080/cgi-bin/koha/cataloguing/addbiblio.pl?biblionumber==001  20869,=001  20869,100,"b'Castro Madero, Jorge'"
http://catalogo.fi.uba.ar:8080/cgi-bin/koha/cataloguing/addbiblio.pl?biblionumber==001  20869,=001  20869,700,"b'Castro, Vicente'"
http://catalogo.fi.uba.ar:8080/cgi-bin/koha/cataloguing/addbiblio.pl?biblionumber==001  20869,=001  20869,700,"b'Darquier, Juan'"
http://catalogo.fi.uba.ar:8080/cgi-bin/koha/cataloguing/addbiblio.pl?biblionumber==001  20869,=001  20869,700,"b'Mercau, Agust\xc3\xadn'"
http://catalogo.fi.uba.ar:8080/cgi-bin/koha/cataloguing/addbiblio.pl?biblionumber==001  20869,=001  20869,700,"b'Nogu\xc3\xa9s, Pablo'"
http://catalogo.fi.uba.ar:8080/cgi-bin/koha/cataloguing/addbiblio.pl?biblionumber==001  20869,=001  20869,700,"b'Rospide, Juan'"
http://catalogo.fi.uba.ar:8080/cgi-bin/koha/cataloguing/addbiblio.pl?biblionumber==001  20870,=001  20870,100,"b'Ceppi, H\xc3\xa9ctor'"
http://catalogo.fi.uba.ar:8080/cgi-bin/koha/cataloguing/addbiblio.pl?biblionumber==001  20870,=001  20870,650,b'FERROCARRILES INDUSTRIALES'
http://catalogo.fi.uba.ar:8080/cgi-bin/koha/cataloguing/addbiblio.pl?biblionumber==001  20870,=001  20870,650,b'TRANSPORTE DEL CARBON'
http://catalogo.fi.uba.ar:8080/cgi-bin/koha/cataloguing/addbiblio.pl?biblionumber==001  20871,=001  20871,100,"b'Cettour, Hern\xc3\xa1n'"
http://catalogo.fi.uba.ar:8080/cgi-bin/koha/cataloguing/addbiblio.pl?biblionumber==001  20872,=001  20872,100,"b'Cevey, Alberto'"
http://catalogo.fi.uba.ar:8080/cgi-bin/koha/cataloguing/addbiblio.pl?biblionumber==001  20873,=001  20873,100,"b'Chavance, Sim\xc3\xb3n'"
http://catalogo.fi.uba.ar:8080/cgi-bin/koha/cataloguing/addbiblio.pl?biblionumber==001  20874,=001  20874,100,"b'Chinetti, Esteban C.'"
http://catalogo.fi.uba.ar:8080/cgi-bin/koha/cataloguing/addbiblio.pl?biblionumber==001  20874,=001  20874,650,b'TALLERES'
http://catalogo.fi.uba.ar:8080/cgi-bin/koha/cataloguing/addbiblio.pl?biblionumber==001  20875,=001  20875,100,"b'Ciufici, Aldo A.'"
http://catalogo.fi.uba.ar:8080/cgi-bin/koha/cataloguing/addbiblio.pl?biblionumber==001  20876,=001  20876,100,"b'Coni, Pedro J.'"
http://catalogo.fi.uba.ar:8080/cgi-bin/koha/cataloguing/addbiblio.pl?biblionumber==001  20876,=001  20876,700,"b'Brian, Santiago'"
http://catalogo.fi.uba.ar:8080/cgi-bin/koha/cataloguing/addbiblio.pl?biblionumber==001  20877,=001  20877,100,"b'Contin, Jos\xc3\xa9 M. D.'"
http://catalogo.fi.uba.ar:8080/cgi-bin/koha/cataloguing/addbiblio.pl?biblionumber==001  20877,=001  20877,650,b'ESTACIONAMIENTOS Y TERMINALES FERROVIARIOS'
http://catalogo.fi.uba.ar:8080/cgi-bin/koha/cataloguing/addbiblio.pl?biblionumber==001  20877,=001  20877,650,b'ESTACIONES DE PASAJEROS'
http://catalogo.fi.uba.ar:8080/cgi-bin/koha/cataloguing/addbiblio.pl?biblionumber==001  20877,=001  20877,650,b'FERROCARRILES INDUSTRIALES'
http://catalogo.fi.uba.ar:8080/cgi-bin/koha/cataloguing/addbiblio.pl?biblionumber==001  20878,=001  20878,100,"b'Cores, Julio'"
http://catalogo.fi.uba.ar:8080/cgi-bin/koha/cataloguing/addbiblio.pl?biblionumber==001  20879,=001  20879,100,"b'Correa, Manuel J.'"
http://catalogo.fi.uba.ar:8080/cgi-bin/koha/cataloguing/addbiblio.pl?biblionumber==001  20879,=001  20879,650,b'SUPERFICIE'
http://catalogo.fi.uba.ar:8080/cgi-bin/koha/cataloguing/addbiblio.pl?biblionumber==001  20879,=001  20879,700,"b'Huergo, Luis A.'"
http://catalogo.fi.uba.ar:8080/cgi-bin/koha/cataloguing/addbiblio.pl?biblionumber==001  20880,=001  20880,100,"b'Covani, Horacio R.'"
http://catalogo.fi.uba.ar:8080/cgi-bin/koha/cataloguing/addbiblio.pl?biblionumber==001  20881,=001  20881,100,"b'Cremona, Andr\xc3\xa9s V.'"
http://catalogo.fi.uba.ar:8080/cgi-bin/koha/cataloguing/addbiblio.pl?biblionumber==001  20881,=001  20881,700,"b'Silveyra, Luis'"
http://catalogo.fi.uba.ar:8080/cgi-bin/koha/cataloguing/addbiblio.pl?biblionumber==001  20882,=001  20882,100,"b'Dasso, Ricardo'"
http://catalogo.fi.uba.ar:8080/cgi-bin/koha/cataloguing/addbiblio.pl?biblionumber==001  20883,=001  20883,100,"b'Dellepiane, Lu\xc3\xads J.'"
http://catalogo.fi.uba.ar:8080/cgi-bin/koha/cataloguing/addbiblio.pl?biblionumber==001  20883,=001  20883,700,"b'Bah\xc3\xada, Manuel B.'"
http://catalogo.fi.uba.ar:8080/cgi-bin/koha/cataloguing/addbiblio.pl?biblionumber==001  20883,=001  20883,700,"b'Belgrano, Joaqu\xc3\xadn M.'"
http://catalogo.fi.uba.ar:8080/cgi-bin/koha/cataloguing/addbiblio.pl?biblionumber==001  20883,=001  20883,700,"b'Candiani, Emilio'"
http://catalogo.fi.uba.ar:8080/cgi-bin/koha/cataloguing/addbiblio.pl?biblionumber==001  20883,=001  20883,700,"b'Duclout, Jorge'"
http://catalogo.fi.uba.ar:8080/cgi-bin/koha/cataloguing/addbiblio.pl?biblionumber==001  20883,=001  20883,700,"b'Schneidewind, Alberto'"
http://catalogo.fi.uba.ar:8080/cgi-bin/koha/cataloguing/addbiblio.pl?biblionumber==001  20884,=001  20884,650,b'MOTORES DE VAPOR'
http://catalogo.fi.uba.ar:8080/cgi-bin/koha/cataloguing/addbiblio.pl?biblionumber==001  20884,=001  20884,700,"b'Mercau, Agust\xc3\xadn'"
http://catalogo.fi.uba.ar:8080/cgi-bin/koha/cataloguing/addbiblio.pl?biblionumber==001  20885,=001  20885,100,"b'Dyer, Adolfo M.'"
http://catalogo.fi.uba.ar:8080/cgi-bin/koha/cataloguing/addbiblio.pl?biblionumber==001  20886,=001  20886,100,"b'Edo, Eduardo L.'"
http://catalogo.fi.uba.ar:8080/cgi-bin/koha/cataloguing/addbiblio.pl?biblionumber==001  20887,=001  20887,100,"b'Eppens, Gustavo A.'"
http://catalogo.fi.uba.ar:8080/cgi-bin/koha/cataloguing/addbiblio.pl?biblionumber==001  20888,=001  20888,100,"b'Escribano, Carlos'"
http://catalogo.fi.uba.ar:8080/cgi-bin/koha/cataloguing/addbiblio.pl?biblionumber==001  20888,=001  20888,700,"b'Dellepiane, Luis J.'"
http://catalogo.fi.uba.ar:8080/cgi-bin/koha/cataloguing/addbiblio.pl?biblionumber==001  20888,=001  20888,700,b'Kok J.'
http://catalogo.fi.uba.ar:8080/cgi-bin/koha/cataloguing/addbiblio.pl?biblionumber==001  20888,=001  20888,700,"b'Orfila, Alfredo J.'"
http://catalogo.fi.uba.ar:8080/cgi-bin/koha/cataloguing/addbiblio.pl?biblionumber==001  20888,=001  20888,700,"b'San Roman, Yberio'"
http://catalogo.fi.uba.ar:8080/cgi-bin/koha/cataloguing/addbiblio.pl?biblionumber==001  20888,=001  20888,700,"b'Sarhy, Jos\xc3\xa9 S.'"
http://catalogo.fi.uba.ar:8080/cgi-bin/koha/cataloguing/addbiblio.pl?biblionumber==001  20889,=001  20889,100,"b'Eslava, Hilari\xc3\xb3n'"
http://catalogo.fi.uba.ar:8080/cgi-bin/koha/cataloguing/addbiblio.pl?biblionumber==001  20889,=001  20889,700,"b'Coni, Pedro Luis'"
http://catalogo.fi.uba.ar:8080/cgi-bin/koha/cataloguing/addbiblio.pl?biblionumber==001  20890,=001  20890,100,"b'Espin\xc3\xb3s, Vicente'"
http://catalogo.fi.uba.ar:8080/cgi-bin/koha/cataloguing/addbiblio.pl?biblionumber==001  20890,=001  20890,650,b'PUENTES DE ALBA\xc3\x91ILERIA'
http://catalogo.fi.uba.ar:8080/cgi-bin/koha/cataloguing/addbiblio.pl?biblionumber==001  20891,=001  20891,100,"b'Espinosa, Agust\xc3\xadn'"
http://catalogo.fi.uba.ar:8080/cgi-bin/koha/cataloguing/addbiblio.pl?biblionumber==001  20891,=001  20891,650,b'ALCANTARILLADO COMBINADO'
http://catalogo.fi.uba.ar:8080/cgi-bin/koha/cataloguing/addbiblio.pl?biblionumber==001  20892,=001  20892,100,"b'Fern\xc3\xa1ndez D\xc3\xadaz, Augusto'"
http://catalogo.fi.uba.ar:8080/cgi-bin/koha/cataloguing/addbiblio.pl?biblionumber==001  20892,=001  20892,700,"b'Castro, Vicente'"
http://catalogo.fi.uba.ar:8080/cgi-bin/koha/cataloguing/addbiblio.pl?biblionumber==001  20892,=001  20892,700,"b'Mercau, Agust\xc3\xadn'"
http://catalogo.fi.uba.ar:8080/cgi-bin/koha/cataloguing/addbiblio.pl?biblionumber==001  20892,=001  20892,700,"b'Romero, Juli\xc3\xa1n'"
http://catalogo.fi.uba.ar:8080/cgi-bin/koha/cataloguing/addbiblio.pl?biblionumber==001  20892,=001  20892,700,"b'Segovia, Fernando'"
http://catalogo.fi.uba.ar:8080/cgi-bin/koha/cataloguing/addbiblio.pl?biblionumber==001  20893,=001  20893,100,"b'Ferro, Bartolom\xc3\xa9'"
http://catalogo.fi.uba.ar:8080/cgi-bin/koha/cataloguing/addbiblio.pl?biblionumber==001  20894,=001  20894,100,"b'Fiandri, Lorenzo'"
http://catalogo.fi.uba.ar:8080/cgi-bin/koha/cataloguing/addbiblio.pl?biblionumber==001  20895,=001  20895,100,"b'Frogone, Jos\xc3\xa9 I.'"
http://catalogo.fi.uba.ar:8080/cgi-bin/koha/cataloguing/addbiblio.pl?biblionumber==001  20896,=001  20896,100,"b'Gaffuri, Domingo'"
http://catalogo.fi.uba.ar:8080/cgi-bin/koha/cataloguing/addbiblio.pl?biblionumber==001  20897,=001  20897,100,"b'Galmarini, Alfredo'"
http://catalogo.fi.uba.ar:8080/cgi-bin/koha/cataloguing/addbiblio.pl?biblionumber==001  20898,=001  20898,100,"b'Gandolfo, Juan B.'"
http://catalogo.fi.uba.ar:8080/cgi-bin/koha/cataloguing/addbiblio.pl?biblionumber==001  20898,=001  20898,700,"b'Amespil, Lorenzo'"
http://catalogo.fi.uba.ar:8080/cgi-bin/koha/cataloguing/addbiblio.pl?biblionumber==001  20898,=001  20898,700,"b'Duclout, Jorge'"
http://catalogo.fi.uba.ar:8080/cgi-bin/koha/cataloguing/addbiblio.pl?biblionumber==001  20898,=001  20898,700,"b'Foster, Alejandro'"
http://catalogo.fi.uba.ar:8080/cgi-bin/koha/cataloguing/addbiblio.pl?biblionumber==001  20898,=001  20898,700,"b'Mercau, Agust\xc3\xadn'"
http://catalogo.fi.uba.ar:8080/cgi-bin/koha/cataloguing/addbiblio.pl?biblionumber==001  20898,=001  20898,700,"b'Nogu\xc3\xa9s, Pablo'"
http://catalogo.fi.uba.ar:8080/cgi-bin/koha/cataloguing/addbiblio.pl?biblionumber==001  20898,=001  20898,700,"b'Segovia, Fernando'"
http://catalogo.fi.uba.ar:8080/cgi-bin/koha/cataloguing/addbiblio.pl?biblionumber==001  20899,=001  20899,100,"b'Garbarini, Luis'"
http://catalogo.fi.uba.ar:8080/cgi-bin/koha/cataloguing/addbiblio.pl?biblionumber==001  20899,=001  20899,700,"b'Candiani, Emilio'"
http://catalogo.fi.uba.ar:8080/cgi-bin/koha/cataloguing/addbiblio.pl?biblionumber==001  20899,=001  20899,700,b'Castro Vicente'
http://catalogo.fi.uba.ar:8080/cgi-bin/koha/cataloguing/addbiblio.pl?biblionumber==001  20899,=001  20899,700,"b'Duclout, Jorge'"
http://catalogo.fi.uba.ar:8080/cgi-bin/koha/cataloguing/addbiblio.pl?biblionumber==001  20900,=001  20900,100,"b'Garc\xc3\xada, Enrique'"
http://catalogo.fi.uba.ar:8080/cgi-bin/koha/cataloguing/addbiblio.pl?biblionumber==001  20901,=001  20901,100,"b'Genoud, Jos\xc3\xa9 E.'"
http://catalogo.fi.uba.ar:8080/cgi-bin/koha/cataloguing/addbiblio.pl?biblionumber==001  20901,=001  20901,650,b'ALCANTARILLADO COMBINADO'
http://catalogo.fi.uba.ar:8080/cgi-bin/koha/cataloguing/addbiblio.pl?biblionumber==001  20903,=001  20903,100,"b'Gim\xc3\xa9nez, Eduardo'"
http://catalogo.fi.uba.ar:8080/cgi-bin/koha/cataloguing/addbiblio.pl?biblionumber==001  20904,=001  20904,100,"b'Gonz\xc3\xa1lez Llamazares, Manuel'"
http://catalogo.fi.uba.ar:8080/cgi-bin/koha/cataloguing/addbiblio.pl?biblionumber==001  20905,=001  20905,100,"b'Gonz\xc3\xa1lez, Seraf\xc3\xadn'"
http://catalogo.fi.uba.ar:8080/cgi-bin/koha/cataloguing/addbiblio.pl?biblionumber==001  20906,=001  20906,100,"b'Gorostiaga, Carlos A.'"
http://catalogo.fi.uba.ar:8080/cgi-bin/koha/cataloguing/addbiblio.pl?biblionumber==001  20906,=001  20906,700,"b'Candiani, Emilio'"
http://catalogo.fi.uba.ar:8080/cgi-bin/koha/cataloguing/addbiblio.pl?biblionumber==001  20906,=001  20906,700,"b'Duclout, Jorge'"
http://catalogo.fi.uba.ar:8080/cgi-bin/koha/cataloguing/addbiblio.pl?biblionumber==001  20906,=001  20906,700,"b'Romero, Juli\xc3\xa1n'"
http://catalogo.fi.uba.ar:8080/cgi-bin/koha/cataloguing/addbiblio.pl?biblionumber==001  20907,=001  20907,100,"b'Griffero, Marcos'"
http://catalogo.fi.uba.ar:8080/cgi-bin/koha/cataloguing/addbiblio.pl?biblionumber==001  20908,=001  20908,100,"b'Gualano, Egidio V.'"
http://catalogo.fi.uba.ar:8080/cgi-bin/koha/cataloguing/addbiblio.pl?biblionumber==001  20909,=001  20909,100,"b'G\xc3\xbceglio, Hugo J.'"
http://catalogo.fi.uba.ar:8080/cgi-bin/koha/cataloguing/addbiblio.pl?biblionumber==001  20911,=001  20911,100,"b'Herpig, Francisco'"
http://catalogo.fi.uba.ar:8080/cgi-bin/koha/cataloguing/addbiblio.pl?biblionumber==001  20912,=001  20912,100,"b'Huergo, Luis'"
http://catalogo.fi.uba.ar:8080/cgi-bin/koha/cataloguing/addbiblio.pl?biblionumber==001  20912,=001  20912,700,"b'Rosetti, Emilio'"
http://catalogo.fi.uba.ar:8080/cgi-bin/koha/cataloguing/addbiblio.pl?biblionumber==001  20913,=001  20913,100,"b'Indavere, Luciano'"
http://catalogo.fi.uba.ar:8080/cgi-bin/koha/cataloguing/addbiblio.pl?biblionumber==001  20914,=001  20914,100,"b'Isnardi, Vicente'"
http://catalogo.fi.uba.ar:8080/cgi-bin/koha/cataloguing/addbiblio.pl?biblionumber==001  20915,=001  20915,100,"b'Jurado, Ricardo'"
http://catalogo.fi.uba.ar:8080/cgi-bin/koha/cataloguing/addbiblio.pl?biblionumber==001  20915,=001  20915,650,b'LEVANTAMIENTOS TOPOGRAFICOS.'
http://catalogo.fi.uba.ar:8080/cgi-bin/koha/cataloguing/addbiblio.pl?biblionumber==001  20916,=001  20916,100,"b'Klinger, Jorge'"
http://catalogo.fi.uba.ar:8080/cgi-bin/koha/cataloguing/addbiblio.pl?biblionumber==001  20917,=001  20917,100,"b'Krause, Domingo'"
http://catalogo.fi.uba.ar:8080/cgi-bin/koha/cataloguing/addbiblio.pl?biblionumber==001  20918,=001  20918,100,"b'Krause, Julio'"
http://catalogo.fi.uba.ar:8080/cgi-bin/koha/cataloguing/addbiblio.pl?biblionumber==001  20919,=001  20919,100,"b'Krause, Otto'"
http://catalogo.fi.uba.ar:8080/cgi-bin/koha/cataloguing/addbiblio.pl?biblionumber==001  20920,=001  20920,100,"b'Lagrange, Antonio J.R.'"
http://catalogo.fi.uba.ar:8080/cgi-bin/koha/cataloguing/addbiblio.pl?biblionumber==001  20921,=001  20921,100,"b'Lamarque, Eduardo'"
http://catalogo.fi.uba.ar:8080/cgi-bin/koha/cataloguing/addbiblio.pl?biblionumber==001  20923,=001  20923,100,"b'Lascano, Lu\xc3\xads M.'"
http://catalogo.fi.uba.ar:8080/cgi-bin/koha/cataloguing/addbiblio.pl?biblionumber==001  20923,=001  20923,700,"b'Candiani, Emilio'"
http://catalogo.fi.uba.ar:8080/cgi-bin/koha/cataloguing/addbiblio.pl?biblionumber==001  20923,=001  20923,700,"b'Castro, Vicente'"
http://catalogo.fi.uba.ar:8080/cgi-bin/koha/cataloguing/addbiblio.pl?biblionumber==001  20923,=001  20923,700,"b'Duclout, Jorge'"
http://catalogo.fi.uba.ar:8080/cgi-bin/koha/cataloguing/addbiblio.pl?biblionumber==001  20923,=001  20923,700,"b'Mercau, Agust\xc3\xadn'"
http://catalogo.fi.uba.ar:8080/cgi-bin/koha/cataloguing/addbiblio.pl?biblionumber==001  20923,=001  20923,700,"b'Rabinovich, Delf\xc3\xadn'"
http://catalogo.fi.uba.ar:8080/cgi-bin/koha/cataloguing/addbiblio.pl?biblionumber==001  20923,=001  20923,700,"b'Romero, Juli\xc3\xa1n'"
http://catalogo.fi.uba.ar:8080/cgi-bin/koha/cataloguing/addbiblio.pl?biblionumber==001  20923,=001  20923,700,"b'Segovia, Fernando'"
http://catalogo.fi.uba.ar:8080/cgi-bin/koha/cataloguing/addbiblio.pl?biblionumber==001  20924,=001  20924,100,"b'Laurel, Bernardo'"
http://catalogo.fi.uba.ar:8080/cgi-bin/koha/cataloguing/addbiblio.pl?biblionumber==001  20924,=001  20924,700,"b'Mari\xc3\xb1o, Jos\xc3\xa9'"
http://catalogo.fi.uba.ar:8080/cgi-bin/koha/cataloguing/addbiblio.pl?biblionumber==001  20925,=001  20925,100,"b'Lindboe, Waldemar'"
http://catalogo.fi.uba.ar:8080/cgi-bin/koha/cataloguing/addbiblio.pl?biblionumber==001  20925,=001  20925,650,b'ESTACIONES DE FERROCARRIL'
http://catalogo.fi.uba.ar:8080/cgi-bin/koha/cataloguing/addbiblio.pl?biblionumber==001  20926,=001  20926,100,"b'L\xc3\xb3pez, An\xc3\xadbal A.'"
http://catalogo.fi.uba.ar:8080/cgi-bin/koha/cataloguing/addbiblio.pl?biblionumber==001  20927,=001  20927,100,"b'L\xc3\xb3pez, Pascual Ricardo'"
http://catalogo.fi.uba.ar:8080/cgi-bin/koha/cataloguing/addbiblio.pl?biblionumber==001  20927,=001  20927,650,b'PUENTES DE AUTOPISTA'
http://catalogo.fi.uba.ar:8080/cgi-bin/koha/cataloguing/addbiblio.pl?biblionumber==001  20928,=001  20928,100,"b'Luzzetti, Jos\xc3\xa9 P.'"
http://catalogo.fi.uba.ar:8080/cgi-bin/koha/cataloguing/addbiblio.pl?biblionumber==001  20929,=001  20929,100,"b'Macchi, Carlos'"
http://catalogo.fi.uba.ar:8080/cgi-bin/koha/cataloguing/addbiblio.pl?biblionumber==001  20930,=001  20930,100,"b'Madrid, Enrique de'"
http://catalogo.fi.uba.ar:8080/cgi-bin/koha/cataloguing/addbiblio.pl?biblionumber==001  20930,=001  20930,650,b'PUENTES DE ALBA\xc3\x91ILERIA'
http://catalogo.fi.uba.ar:8080/cgi-bin/koha/cataloguing/addbiblio.pl?biblionumber==001  20930,=001  20930,700,"b'Silveyra, Luis'"
http://catalogo.fi.uba.ar:8080/cgi-bin/koha/cataloguing/addbiblio.pl?biblionumber==001  20931,=001  20931,100,"b'Manzone, Francisco'"
http://catalogo.fi.uba.ar:8080/cgi-bin/koha/cataloguing/addbiblio.pl?biblionumber==001  20932,=001  20932,100,"b'Maradona, A\xc3\xadda'"
http://catalogo.fi.uba.ar:8080/cgi-bin/koha/cataloguing/addbiblio.pl?biblionumber==001  20933,=001  20933,100,"b'Marcet, Jos\xc3\xa9 A.'"
http://catalogo.fi.uba.ar:8080/cgi-bin/koha/cataloguing/addbiblio.pl?biblionumber==001  20933,=001  20933,700,"b'Becher, E.'"
http://catalogo.fi.uba.ar:8080/cgi-bin/koha/cataloguing/addbiblio.pl?biblionumber==001  20933,=001  20933,700,"b'Candiani, Emilio'"
http://catalogo.fi.uba.ar:8080/cgi-bin/koha/cataloguing/addbiblio.pl?biblionumber==001  20933,=001  20933,700,"b'Dassen, Claro C.'"
http://catalogo.fi.uba.ar:8080/cgi-bin/koha/cataloguing/addbiblio.pl?biblionumber==001  20933,=001  20933,700,"b'Duclout, Jorge'"
http://catalogo.fi.uba.ar:8080/cgi-bin/koha/cataloguing/addbiblio.pl?biblionumber==001  20933,=001  20933,700,"b'Ghigliazza, Sebasti\xc3\xa1n'"
http://catalogo.fi.uba.ar:8080/cgi-bin/koha/cataloguing/addbiblio.pl?biblionumber==001  20933,=001  20933,700,"b'Huergo, Luis A.'"
http://catalogo.fi.uba.ar:8080/cgi-bin/koha/cataloguing/addbiblio.pl?biblionumber==001  20933,=001  20933,700,"b'Labarthe, Julio'"
http://catalogo.fi.uba.ar:8080/cgi-bin/koha/cataloguing/addbiblio.pl?biblionumber==001  20933,=001  20933,700,"b'Mari\xc3\xb1o, Jos\xc3\xa9'"
http://catalogo.fi.uba.ar:8080/cgi-bin/koha/cataloguing/addbiblio.pl?biblionumber==001  20933,=001  20933,700,"b'Mercau, Agust\xc3\xadn'"
http://catalogo.fi.uba.ar:8080/cgi-bin/koha/cataloguing/addbiblio.pl?biblionumber==001  20933,=001  20933,700,"b'Sarrabayrouse, Eugenio'"
http://catalogo.fi.uba.ar:8080/cgi-bin/koha/cataloguing/addbiblio.pl?biblionumber==001  20933,=001  20933,700,"b'Segovia, Fernando'"
http://catalogo.fi.uba.ar:8080/cgi-bin/koha/cataloguing/addbiblio.pl?biblionumber==001  20934,=001  20934,100,"b'Marreins, Juan'"
http://catalogo.fi.uba.ar:8080/cgi-bin/koha/cataloguing/addbiblio.pl?biblionumber==001  20934,=001  20934,700,"b'Coni, Pedro Luis'"
http://catalogo.fi.uba.ar:8080/cgi-bin/koha/cataloguing/addbiblio.pl?biblionumber==001  20935,=001  20935,100,"b'Marseill\xc3\xa1n, Francisco'"
http://catalogo.fi.uba.ar:8080/cgi-bin/koha/cataloguing/addbiblio.pl?biblionumber==001  20935,=001  20935,700,"b'Darquier, Juan'"
http://catalogo.fi.uba.ar:8080/cgi-bin/koha/cataloguing/addbiblio.pl?biblionumber==001  20935,=001  20935,700,"b'Duclout, Jorge'"
http://catalogo.fi.uba.ar:8080/cgi-bin/koha/cataloguing/addbiblio.pl?biblionumber==001  20935,=001  20935,700,"b'Mercau, Agust\xc3\xadn'"
http://catalogo.fi.uba.ar:8080/cgi-bin/koha/cataloguing/addbiblio.pl?biblionumber==001  20935,=001  20935,700,"b'Volpatti, Eduardo'"
http://catalogo.fi.uba.ar:8080/cgi-bin/koha/cataloguing/addbiblio.pl?biblionumber==001  20936,=001  20936,100,"b'Martini, Enrique'"
http://catalogo.fi.uba.ar:8080/cgi-bin/koha/cataloguing/addbiblio.pl?biblionumber==001  20937,=001  20937,100,"b'Maschwitz, Carlos'"
http://catalogo.fi.uba.ar:8080/cgi-bin/koha/cataloguing/addbiblio.pl?biblionumber==001  20937,=001  20937,700,"b'Lavalle, Francisco D.'"
http://catalogo.fi.uba.ar:8080/cgi-bin/koha/cataloguing/addbiblio.pl?biblionumber==001  20938,=001  20938,700,"b'Coni, Pedro Luis'"
http://catalogo.fi.uba.ar:8080/cgi-bin/koha/cataloguing/addbiblio.pl?biblionumber==001  20939,=001  20939,100,"b'Micheletti, Luciano'"
http://catalogo.fi.uba.ar:8080/cgi-bin/koha/cataloguing/addbiblio.pl?biblionumber==001  20940,=001  20940,100,"b'Orz\xc3\xa1bal, Arturo'"
http://catalogo.fi.uba.ar:8080/cgi-bin/koha/cataloguing/addbiblio.pl?biblionumber==001  20940,=001  20940,650,b'PUENTES DE CARRETERA'
http://catalogo.fi.uba.ar:8080/cgi-bin/koha/cataloguing/addbiblio.pl?biblionumber==001  20940,=001  20940,700,"b'Amoretti, F\xc3\xa9lix'"
http://catalogo.fi.uba.ar:8080/cgi-bin/koha/cataloguing/addbiblio.pl?biblionumber==001  20940,=001  20940,700,"b'Belgrano, Joaqu\xc3\xadn M.'"
http://catalogo.fi.uba.ar:8080/cgi-bin/koha/cataloguing/addbiblio.pl?biblionumber==001  20940,=001  20940,700,"b'Duclout, Jorge'"
http://catalogo.fi.uba.ar:8080/cgi-bin/koha/cataloguing/addbiblio.pl?biblionumber==001  20940,=001  20940,700,"b'Echag\xc3\xbce, Carlos'"
http://catalogo.fi.uba.ar:8080/cgi-bin/koha/cataloguing/addbiblio.pl?biblionumber==001  20940,=001  20940,700,"b'Molino Torres, Alejandro'"
http://catalogo.fi.uba.ar:8080/cgi-bin/koha/cataloguing/addbiblio.pl?biblionumber==001  20940,=001  20940,700,"b'Schneidewind, Alberto'"
http://catalogo.fi.uba.ar:8080/cgi-bin/koha/cataloguing/addbiblio.pl?biblionumber==001  20940,=001  20940,700,"b'Silveyra, Luis'"
http://catalogo.fi.uba.ar:8080/cgi-bin/koha/cataloguing/addbiblio.pl?biblionumber==001  20941,=001  20941,100,"b'Monti, Atilio'"
http://catalogo.fi.uba.ar:8080/cgi-bin/koha/cataloguing/addbiblio.pl?biblionumber==001  20942,=001  20942,100,"b'Mordasini, Remo'"
http://catalogo.fi.uba.ar:8080/cgi-bin/koha/cataloguing/addbiblio.pl?biblionumber==001  20943,=001  20943,100,"b'Moreno, Ireneo R.'"
http://catalogo.fi.uba.ar:8080/cgi-bin/koha/cataloguing/addbiblio.pl?biblionumber==001  20944,=001  20944,100,"b'Mosconi, Enrique C.'"
http://catalogo.fi.uba.ar:8080/cgi-bin/koha/cataloguing/addbiblio.pl?biblionumber==001  20944,=001  20944,650,b'PUENTES DE ALBA\xc3\x91ILERIA'
http://catalogo.fi.uba.ar:8080/cgi-bin/koha/cataloguing/addbiblio.pl?biblionumber==001  20944,=001  20944,700,"b'Candiani, Emilio'"
http://catalogo.fi.uba.ar:8080/cgi-bin/koha/cataloguing/addbiblio.pl?biblionumber==001  20944,=001  20944,700,"b'Castro, Vicente'"
http://catalogo.fi.uba.ar:8080/cgi-bin/koha/cataloguing/addbiblio.pl?biblionumber==001  20944,=001  20944,700,"b'Duclout, Jorge'"
http://catalogo.fi.uba.ar:8080/cgi-bin/koha/cataloguing/addbiblio.pl?biblionumber==001  20944,=001  20944,700,"b'Krause, Otto'"
http://catalogo.fi.uba.ar:8080/cgi-bin/koha/cataloguing/addbiblio.pl?biblionumber==001  20944,=001  20944,700,"b'Labarthe, Julio'"
http://catalogo.fi.uba.ar:8080/cgi-bin/koha/cataloguing/addbiblio.pl?biblionumber==001  20944,=001  20944,700,"b'Lugones, Arturo M.'"
http://catalogo.fi.uba.ar:8080/cgi-bin/koha/cataloguing/addbiblio.pl?biblionumber==001  20944,=001  20944,700,"b'Mercau, Agust\xc3\xadn'"
http://catalogo.fi.uba.ar:8080/cgi-bin/koha/cataloguing/addbiblio.pl?biblionumber==001  20944,=001  20944,700,"b'Palacio, Emilio'"
http://catalogo.fi.uba.ar:8080/cgi-bin/koha/cataloguing/addbiblio.pl?biblionumber==001  20944,=001  20944,700,"b'Schneidewind, Alberto'"
http://catalogo.fi.uba.ar:8080/cgi-bin/koha/cataloguing/addbiblio.pl?biblionumber==001  20945,=001  20945,100,"b'Murzi, Eduardo'"
http://catalogo.fi.uba.ar:8080/cgi-bin/koha/cataloguing/addbiblio.pl?biblionumber==001  20946,=001  20946,100,"b'Negri, Emilio A.'"
http://catalogo.fi.uba.ar:8080/cgi-bin/koha/cataloguing/addbiblio.pl?biblionumber==001  20947,=001  20947,100,"b'Newton, Fausto R.'"
http://catalogo.fi.uba.ar:8080/cgi-bin/koha/cataloguing/addbiblio.pl?biblionumber==001  20947,=001  20947,650,b'CIRCULACION POR VIA ESTRECHA'
http://catalogo.fi.uba.ar:8080/cgi-bin/koha/cataloguing/addbiblio.pl?biblionumber==001  20947,=001  20947,700,"b'Duclout, Jorge'"
http://catalogo.fi.uba.ar:8080/cgi-bin/koha/cataloguing/addbiblio.pl?biblionumber==001  20947,=001  20947,700,"b'Nogu\xc3\xa9s, Pablo'"
http://catalogo.fi.uba.ar:8080/cgi-bin/koha/cataloguing/addbiblio.pl?biblionumber==001  20947,=001  20947,700,"b'Schneidewind, Alberto'"
http://catalogo.fi.uba.ar:8080/cgi-bin/koha/cataloguing/addbiblio.pl?biblionumber==001  20948,=001  20948,100,"b'Noya Sch\xc3\xb6o, Carlos'"
http://catalogo.fi.uba.ar:8080/cgi-bin/koha/cataloguing/addbiblio.pl?biblionumber==001  20948,=001  20948,700,"b'Candiani, Emilio'"
http://catalogo.fi.uba.ar:8080/cgi-bin/koha/cataloguing/addbiblio.pl?biblionumber==001  20948,=001  20948,700,"b'Duclout, Jorge'"
http://catalogo.fi.uba.ar:8080/cgi-bin/koha/cataloguing/addbiblio.pl?biblionumber==001  20948,=001  20948,700,"b'Mercau, Agust\xc3\xadn'"
http://catalogo.fi.uba.ar:8080/cgi-bin/koha/cataloguing/addbiblio.pl?biblionumber==001  20948,=001  20948,700,"b'Nogu\xc3\xa9s, Pablo'"
http://catalogo.fi.uba.ar:8080/cgi-bin/koha/cataloguing/addbiblio.pl?biblionumber==001  20948,=001  20948,700,"b'Rabinovich, Delf\xc3\xadn'"
http://catalogo.fi.uba.ar:8080/cgi-bin/koha/cataloguing/addbiblio.pl?biblionumber==001  20948,=001  20948,700,"b'Romero, Juli\xc3\xa1n'"
http://catalogo.fi.uba.ar:8080/cgi-bin/koha/cataloguing/addbiblio.pl?biblionumber==001  20949,=001  20949,100,"b'Olmos, Miguel'"
http://catalogo.fi.uba.ar:8080/cgi-bin/koha/cataloguing/addbiblio.pl?biblionumber==001  20950,=001  20950,100,"b'Ortiz Viola, Nolasco'"
http://catalogo.fi.uba.ar:8080/cgi-bin/koha/cataloguing/addbiblio.pl?biblionumber==001  20950,=001  20950,700,"b'Brian, Santiago'"
http://catalogo.fi.uba.ar:8080/cgi-bin/koha/cataloguing/addbiblio.pl?biblionumber==001  20951,=001  20951,100,"b'Ortiz, Aureliano'"
http://catalogo.fi.uba.ar:8080/cgi-bin/koha/cataloguing/addbiblio.pl?biblionumber==001  20951,=001  20951,650,b'AGUA ESTANCADA'
http://catalogo.fi.uba.ar:8080/cgi-bin/koha/cataloguing/addbiblio.pl?biblionumber==001  20952,=001  20952,100,"b'Otamendi, R\xc3\xb3mulo'"
http://catalogo.fi.uba.ar:8080/cgi-bin/koha/cataloguing/addbiblio.pl?biblionumber==001  20952,=001  20952,700,"b'Sylveira, Luis'"
http://catalogo.fi.uba.ar:8080/cgi-bin/koha/cataloguing/addbiblio.pl?biblionumber==001  20953,=001  20953,100,"b'Oyuela, Ignacio'"
http://catalogo.fi.uba.ar:8080/cgi-bin/koha/cataloguing/addbiblio.pl?biblionumber==001  20953,=001  20953,700,"b'Lavalle, Francisco'"
http://catalogo.fi.uba.ar:8080/cgi-bin/koha/cataloguing/addbiblio.pl?biblionumber==001  20954,=001  20954,100,"b'Pagani, Fernando'"
http://catalogo.fi.uba.ar:8080/cgi-bin/koha/cataloguing/addbiblio.pl?biblionumber==001  20954,=001  20954,700,"b'Candiani, Emilio'"
http://catalogo.fi.uba.ar:8080/cgi-bin/koha/cataloguing/addbiblio.pl?biblionumber==001  20954,=001  20954,700,"b'Duclout, Jorge'"
http://catalogo.fi.uba.ar:8080/cgi-bin/koha/cataloguing/addbiblio.pl?biblionumber==001  20954,=001  20954,700,"b'Mercau, Agust\xc3\xadn'"
http://catalogo.fi.uba.ar:8080/cgi-bin/koha/cataloguing/addbiblio.pl?biblionumber==001  20954,=001  20954,700,"b'Nogu\xc3\xa9s, Pablo'"
http://catalogo.fi.uba.ar:8080/cgi-bin/koha/cataloguing/addbiblio.pl?biblionumber==001  20954,=001  20954,700,"b'Rabinovich, Delf\xc3\xadn'"
http://catalogo.fi.uba.ar:8080/cgi-bin/koha/cataloguing/addbiblio.pl?biblionumber==001  20954,=001  20954,700,"b'Segovia, Fernando'"
http://catalogo.fi.uba.ar:8080/cgi-bin/koha/cataloguing/addbiblio.pl?biblionumber==001  20955,=001  20955,100,"b'Pagano, Adalberto C.'"
http://catalogo.fi.uba.ar:8080/cgi-bin/koha/cataloguing/addbiblio.pl?biblionumber==001  20956,=001  20956,100,"b'Palacio, Emilio'"
http://catalogo.fi.uba.ar:8080/cgi-bin/koha/cataloguing/addbiblio.pl?biblionumber==001  20957,=001  20957,100,"b'Palacios Molina, Gael'"
http://catalogo.fi.uba.ar:8080/cgi-bin/koha/cataloguing/addbiblio.pl?biblionumber==001  20957,=001  20957,650,b'PETROLEROS[BARCOS]'
http://catalogo.fi.uba.ar:8080/cgi-bin/koha/cataloguing/addbiblio.pl?biblionumber==001  20957,=001  20957,700,"b'Candiani, Emilio'"
http://catalogo.fi.uba.ar:8080/cgi-bin/koha/cataloguing/addbiblio.pl?biblionumber==001  20957,=001  20957,700,"b'Duclout, Jorge'"
http://catalogo.fi.uba.ar:8080/cgi-bin/koha/cataloguing/addbiblio.pl?biblionumber==001  20957,=001  20957,700,"b'Nogu\xc3\xa9s, Pablo'"
http://catalogo.fi.uba.ar:8080/cgi-bin/koha/cataloguing/addbiblio.pl?biblionumber==001  20957,=001  20957,700,"b'Rabinovich, Delf\xc3\xadn'"
http://catalogo.fi.uba.ar:8080/cgi-bin/koha/cataloguing/addbiblio.pl?biblionumber==001  20957,=001  20957,700,"b'Romero, Juli\xc3\xa1n'"
http://catalogo.fi.uba.ar:8080/cgi-bin/koha/cataloguing/addbiblio.pl?biblionumber==001  20958,=001  20958,100,"b'Paladino, Enrique'"
http://catalogo.fi.uba.ar:8080/cgi-bin/koha/cataloguing/addbiblio.pl?biblionumber==001  20960,=001  20960,100,"b'Palma, Hugo L.'"
http://catalogo.fi.uba.ar:8080/cgi-bin/koha/cataloguing/addbiblio.pl?biblionumber==001  20961,=001  20961,100,"b'Palmarini, Armando'"
http://catalogo.fi.uba.ar:8080/cgi-bin/koha/cataloguing/addbiblio.pl?biblionumber==001  20961,=001  20961,700,"b'Castro, Vicente'"
http://catalogo.fi.uba.ar:8080/cgi-bin/koha/cataloguing/addbiblio.pl?biblionumber==001  20961,=001  20961,700,"b'Duclout, Jorge'"
http://catalogo.fi.uba.ar:8080/cgi-bin/koha/cataloguing/addbiblio.pl?biblionumber==001  20961,=001  20961,700,"b'Krause, Otto'"
http://catalogo.fi.uba.ar:8080/cgi-bin/koha/cataloguing/addbiblio.pl?biblionumber==001  20961,=001  20961,700,"b'Labarthe, Julio'"
http://catalogo.fi.uba.ar:8080/cgi-bin/koha/cataloguing/addbiblio.pl?biblionumber==001  20961,=001  20961,700,"b'Mercau, Agust\xc3\xadn'"
http://catalogo.fi.uba.ar:8080/cgi-bin/koha/cataloguing/addbiblio.pl?biblionumber==001  20962,=001  20962,100,"b'Pascali, Justo (h)'"
http://catalogo.fi.uba.ar:8080/cgi-bin/koha/cataloguing/addbiblio.pl?biblionumber==001  20962,=001  20962,700,"b'Canale, Humberto'"
http://catalogo.fi.uba.ar:8080/cgi-bin/koha/cataloguing/addbiblio.pl?biblionumber==001  20962,=001  20962,700,"b'Castro, Vicente'"
http://catalogo.fi.uba.ar:8080/cgi-bin/koha/cataloguing/addbiblio.pl?biblionumber==001  20962,=001  20962,700,"b'Dellepiane, Luis J.'"
http://catalogo.fi.uba.ar:8080/cgi-bin/koha/cataloguing/addbiblio.pl?biblionumber==001  20962,=001  20962,700,"b'Mercau, Agust\xc3\xadn'"
http://catalogo.fi.uba.ar:8080/cgi-bin/koha/cataloguing/addbiblio.pl?biblionumber==001  20962,=001  20962,700,"b'Sarrabayrouse, Eugenio'"
http://catalogo.fi.uba.ar:8080/cgi-bin/koha/cataloguing/addbiblio.pl?biblionumber==001  20962,=001  20962,700,"b'Segovia, Fernando'"
http://catalogo.fi.uba.ar:8080/cgi-bin/koha/cataloguing/addbiblio.pl?biblionumber==001  20963,=001  20963,100,"b'Petersen, Teodoro H.'"
http://catalogo.fi.uba.ar:8080/cgi-bin/koha/cataloguing/addbiblio.pl?biblionumber==001  20963,=001  20963,700,"b'Dellepiane, Luis J.'"
http://catalogo.fi.uba.ar:8080/cgi-bin/koha/cataloguing/addbiblio.pl?biblionumber==001  20963,=001  20963,700,"b'Iturbe, Atanasio'"
http://catalogo.fi.uba.ar:8080/cgi-bin/koha/cataloguing/addbiblio.pl?biblionumber==001  20963,=001  20963,700,"b'Krause, Otto'"
http://catalogo.fi.uba.ar:8080/cgi-bin/koha/cataloguing/addbiblio.pl?biblionumber==001  20963,=001  20963,700,"b'Nogu\xc3\xa9s, Pablo'"
http://catalogo.fi.uba.ar:8080/cgi-bin/koha/cataloguing/addbiblio.pl?biblionumber==001  20963,=001  20963,700,"b'Romero, Juli\xc3\xa1n'"
http://catalogo.fi.uba.ar:8080/cgi-bin/koha/cataloguing/addbiblio.pl?biblionumber==001  20963,=001  20963,700,"b'Sarrabayrouse, Eugenio'"
http://catalogo.fi.uba.ar:8080/cgi-bin/koha/cataloguing/addbiblio.pl?biblionumber==001  20963,=001  20963,700,"b'Velasco, Salvador'"
http://catalogo.fi.uba.ar:8080/cgi-bin/koha/cataloguing/addbiblio.pl?biblionumber==001  20964,=001  20964,100,"b'Piatti, Abraham S.'"
http://catalogo.fi.uba.ar:8080/cgi-bin/koha/cataloguing/addbiblio.pl?biblionumber==001  20965,=001  20965,650,b'CIRCULACION POR VIA ESTRECHA'
http://catalogo.fi.uba.ar:8080/cgi-bin/koha/cataloguing/addbiblio.pl?biblionumber==001  20966,=001  20966,100,"b'Pildain, Andr\xc3\xa9sA.'"
http://catalogo.fi.uba.ar:8080/cgi-bin/koha/cataloguing/addbiblio.pl?biblionumber==001  20967,=001  20967,100,"b'Pisani, Pedro R.'"
http://catalogo.fi.uba.ar:8080/cgi-bin/koha/cataloguing/addbiblio.pl?biblionumber==001  20968,=001  20968,100,"b'Posadas, Carlos.'"
http://catalogo.fi.uba.ar:8080/cgi-bin/koha/cataloguing/addbiblio.pl?biblionumber==001  20969,=001  20969,100,"b'Pozzi, Humberto'"
http://catalogo.fi.uba.ar:8080/cgi-bin/koha/cataloguing/addbiblio.pl?biblionumber==001  20969,=001  20969,700,"b'Castro, Vicente'"
http://catalogo.fi.uba.ar:8080/cgi-bin/koha/cataloguing/addbiblio.pl?biblionumber==001  20969,=001  20969,700,"b'Nogu\xc3\xa9s, Pablo'"
http://catalogo.fi.uba.ar:8080/cgi-bin/koha/cataloguing/addbiblio.pl?biblionumber==001  20969,=001  20969,700,"b'Sarrabayrouse, Eugenio'"
http://catalogo.fi.uba.ar:8080/cgi-bin/koha/cataloguing/addbiblio.pl?biblionumber==001  20969,=001  20969,700,"b'Segovia, Fernando'"
http://catalogo.fi.uba.ar:8080/cgi-bin/koha/cataloguing/addbiblio.pl?biblionumber==001  20970,=001  20970,100,"b'Ram\xc3\xadrez, Jos\xc3\xa9 V.'"
http://catalogo.fi.uba.ar:8080/cgi-bin/koha/cataloguing/addbiblio.pl?biblionumber==001  20971,=001  20971,100,"b'Repetto, Cayetano.'"
http://catalogo.fi.uba.ar:8080/cgi-bin/koha/cataloguing/addbiblio.pl?biblionumber==001  20971,=001  20971,700,"b'Duclout, Jorge'"
http://catalogo.fi.uba.ar:8080/cgi-bin/koha/cataloguing/addbiblio.pl?biblionumber==001  20971,=001  20971,700,"b'Mercau, Agust\xc3\xadn'"
http://catalogo.fi.uba.ar:8080/cgi-bin/koha/cataloguing/addbiblio.pl?biblionumber==001  20971,=001  20971,700,"b'Romero, Juli\xc3\xa1n'"
http://catalogo.fi.uba.ar:8080/cgi-bin/koha/cataloguing/addbiblio.pl?biblionumber==001  20972,=001  20972,100,"b'Repetto, Lu\xc3\xads M.'"
http://catalogo.fi.uba.ar:8080/cgi-bin/koha/cataloguing/addbiblio.pl?biblionumber==001  20972,=001  20972,700,"b'Castro, Vicente'"
http://catalogo.fi.uba.ar:8080/cgi-bin/koha/cataloguing/addbiblio.pl?biblionumber==001  20972,=001  20972,700,"b'Mercau, Agust\xc3\xadn'"
http://catalogo.fi.uba.ar:8080/cgi-bin/koha/cataloguing/addbiblio.pl?biblionumber==001  20973,=001  20973,100,"b'Riccheri, Juan C.'"
http://catalogo.fi.uba.ar:8080/cgi-bin/koha/cataloguing/addbiblio.pl?biblionumber==001  20973,=001  20973,650,b'CIRCULACION POR VIA ESTRECHA'
http://catalogo.fi.uba.ar:8080/cgi-bin/koha/cataloguing/addbiblio.pl?biblionumber==001  20973,=001  20973,700,"b'Duclout, Jorge'"
http://catalogo.fi.uba.ar:8080/cgi-bin/koha/cataloguing/addbiblio.pl?biblionumber==001  20973,=001  20973,700,"b'Sarrabayrouse, Eugenio'"
http://catalogo.fi.uba.ar:8080/cgi-bin/koha/cataloguing/addbiblio.pl?biblionumber==001  20973,=001  20973,700,"b'Volpatti, Eduardo'"
http://catalogo.fi.uba.ar:8080/cgi-bin/koha/cataloguing/addbiblio.pl?biblionumber==001  20974,=001  20974,100,"b'Rimoldi, Leopoldo'"
http://catalogo.fi.uba.ar:8080/cgi-bin/koha/cataloguing/addbiblio.pl?biblionumber==001  20975,=001  20975,100,"b'Ringuelet, Julio'"
http://catalogo.fi.uba.ar:8080/cgi-bin/koha/cataloguing/addbiblio.pl?biblionumber==001  20976,=001  20976,100,"b'Romero, Juli\xc3\xa1n'"
http://catalogo.fi.uba.ar:8080/cgi-bin/koha/cataloguing/addbiblio.pl?biblionumber==001  20977,=001  20977,100,"b'Rossell Soler, Pedro A.'"
http://catalogo.fi.uba.ar:8080/cgi-bin/koha/cataloguing/addbiblio.pl?biblionumber==001  20978,=001  20978,100,"b'S\xc3\xa1enz Valiente, Eduardo M.'"
http://catalogo.fi.uba.ar:8080/cgi-bin/koha/cataloguing/addbiblio.pl?biblionumber==001  20978,=001  20978,650,b'ESTACIONAMIENTOS Y TERMINALES FERROVIARIOS'
http://catalogo.fi.uba.ar:8080/cgi-bin/koha/cataloguing/addbiblio.pl?biblionumber==001  20978,=001  20978,650,b'TRANSPORTE DEL CARBON'
http://catalogo.fi.uba.ar:8080/cgi-bin/koha/cataloguing/addbiblio.pl?biblionumber==001  20978,=001  20978,700,"b'Castro, Vicente'"
http://catalogo.fi.uba.ar:8080/cgi-bin/koha/cataloguing/addbiblio.pl?biblionumber==001  20978,=001  20978,700,"b'Dellepiane, Luis'"
http://catalogo.fi.uba.ar:8080/cgi-bin/koha/cataloguing/addbiblio.pl?biblionumber==001  20978,=001  20978,700,"b'Sarrabayrouse, Eugenio'"
http://catalogo.fi.uba.ar:8080/cgi-bin/koha/cataloguing/addbiblio.pl?biblionumber==001  20978,=001  20978,700,"b'Schneidewind, Alberto'"
http://catalogo.fi.uba.ar:8080/cgi-bin/koha/cataloguing/addbiblio.pl?biblionumber==001  20979,=001  20979,100,"b'Sampietro, Jos\xc3\xa9 A.'"
http://catalogo.fi.uba.ar:8080/cgi-bin/koha/cataloguing/addbiblio.pl?biblionumber==001  20979,=001  20979,650,b'ESTACIONES DE CLASIFICACION[FERROCARRILES]'
http://catalogo.fi.uba.ar:8080/cgi-bin/koha/cataloguing/addbiblio.pl?biblionumber==001  20980,=001  20980,100,"b'Sanguinetti, Jer\xc3\xb3nimo'"
http://catalogo.fi.uba.ar:8080/cgi-bin/koha/cataloguing/addbiblio.pl?biblionumber==001  20980,=001  20980,700,"b'Castro, Vicente'"
http://catalogo.fi.uba.ar:8080/cgi-bin/koha/cataloguing/addbiblio.pl?biblionumber==001  20980,=001  20980,700,"b'Dellepiane, Luis J.'"
http://catalogo.fi.uba.ar:8080/cgi-bin/koha/cataloguing/addbiblio.pl?biblionumber==001  20980,=001  20980,700,"b'Mercau, Agust\xc3\xadn'"
http://catalogo.fi.uba.ar:8080/cgi-bin/koha/cataloguing/addbiblio.pl?biblionumber==001  20980,=001  20980,700,"b'Sarrabayrouse, Eugenio'"
http://catalogo.fi.uba.ar:8080/cgi-bin/koha/cataloguing/addbiblio.pl?biblionumber==001  20980,=001  20980,700,"b'Segovia, Fernando'"
http://catalogo.fi.uba.ar:8080/cgi-bin/koha/cataloguing/addbiblio.pl?biblionumber==001  20981,=001  20981,100,"b'Sarhy, Juan F.'"
http://catalogo.fi.uba.ar:8080/cgi-bin/koha/cataloguing/addbiblio.pl?biblionumber==001  20982,=001  20982,100,"b'Sarmiento, Arturo'"
http://catalogo.fi.uba.ar:8080/cgi-bin/koha/cataloguing/addbiblio.pl?biblionumber==001  20983,=001  20983,100,"b'Sauber\xc3\xa1n, Pedro'"
http://catalogo.fi.uba.ar:8080/cgi-bin/koha/cataloguing/addbiblio.pl?biblionumber==001  20984,=001  20984,100,"b'Saubidet, Pedro G.'"
http://catalogo.fi.uba.ar:8080/cgi-bin/koha/cataloguing/addbiblio.pl?biblionumber==001  20986,=001  20986,100,"b'Seitun, Emilio N.'"
http://catalogo.fi.uba.ar:8080/cgi-bin/koha/cataloguing/addbiblio.pl?biblionumber==001  20987,=001  20987,100,"b'Serna, Ger\xc3\xb3nimo de la'"
http://catalogo.fi.uba.ar:8080/cgi-bin/koha/cataloguing/addbiblio.pl?biblionumber==001  20988,=001  20988,100,"b'Sienra Carranza, Laurentino'"
http://catalogo.fi.uba.ar:8080/cgi-bin/koha/cataloguing/addbiblio.pl?biblionumber==001  20988,=001  20988,650,b'HOSPITALES[EDIFICIOS]'
http://catalogo.fi.uba.ar:8080/cgi-bin/koha/cataloguing/addbiblio.pl?biblionumber==001  20988,=001  20988,700,"b'Bah\xc3\xada, Manuel B.'"
http://catalogo.fi.uba.ar:8080/cgi-bin/koha/cataloguing/addbiblio.pl?biblionumber==001  20989,=001  20989,100,"b'Soca, Pablo'"
http://catalogo.fi.uba.ar:8080/cgi-bin/koha/cataloguing/addbiblio.pl?biblionumber==001  20989,=001  20989,650,b'CERCHAS'
http://catalogo.fi.uba.ar:8080/cgi-bin/koha/cataloguing/addbiblio.pl?biblionumber==001  20989,=001  20989,650,b'PUERTOS E INATALACIONES PORTUARIAS'
http://catalogo.fi.uba.ar:8080/cgi-bin/koha/cataloguing/addbiblio.pl?biblionumber==001  20990,=001  20990,100,"b'Sol\xc3\xa1, Fernando L.'"
http://catalogo.fi.uba.ar:8080/cgi-bin/koha/cataloguing/addbiblio.pl?biblionumber==001  20991,=001  20991,100,"b'Solari, Francisco'"
http://catalogo.fi.uba.ar:8080/cgi-bin/koha/cataloguing/addbiblio.pl?biblionumber==001  20991,=001  20991,650,b'ESTACIONAMIENTOS Y TERMINALES FERROVIARIOS'
http://catalogo.fi.uba.ar:8080/cgi-bin/koha/cataloguing/addbiblio.pl?biblionumber==001  20992,=001  20992,100,"b'Solari, Luis Ricardo'"
http://catalogo.fi.uba.ar:8080/cgi-bin/koha/cataloguing/addbiblio.pl?biblionumber==001  20992,=001  20992,650,b'PREVISION DE LA CARGA EL\xc3\x89CTRICA'
http://catalogo.fi.uba.ar:8080/cgi-bin/koha/cataloguing/addbiblio.pl?biblionumber==001  20993,=001  20993,100,"b'Solari, Miguel Angel'"
http://catalogo.fi.uba.ar:8080/cgi-bin/koha/cataloguing/addbiblio.pl?biblionumber==001  20993,=001  20993,650,b'ALCANTARILLADO COMBINADO'
http://catalogo.fi.uba.ar:8080/cgi-bin/koha/cataloguing/addbiblio.pl?biblionumber==001  20994,=001  20994,100,"b'Spota, V\xc3\xadctor'"
http://catalogo.fi.uba.ar:8080/cgi-bin/koha/cataloguing/addbiblio.pl?biblionumber==001  20994,=001  20994,700,"b'Candiani, Emilio'"
http://catalogo.fi.uba.ar:8080/cgi-bin/koha/cataloguing/addbiblio.pl?biblionumber==001  20994,=001  20994,700,"b'Castro, Vicente'"
http://catalogo.fi.uba.ar:8080/cgi-bin/koha/cataloguing/addbiblio.pl?biblionumber==001  20995,=001  20995,100,"b'Tarelli, Carlos A.'"
http://catalogo.fi.uba.ar:8080/cgi-bin/koha/cataloguing/addbiblio.pl?biblionumber==001  20996,=001  20996,100,"b'Tello, Esteban'"
http://catalogo.fi.uba.ar:8080/cgi-bin/koha/cataloguing/addbiblio.pl?biblionumber==001  20996,=001  20996,700,"b'Candiani, Emilio'"
http://catalogo.fi.uba.ar:8080/cgi-bin/koha/cataloguing/addbiblio.pl?biblionumber==001  20996,=001  20996,700,"b'Castro, Vicente'"
http://catalogo.fi.uba.ar:8080/cgi-bin/koha/cataloguing/addbiblio.pl?biblionumber==001  20996,=001  20996,700,"b'Duclout, Jorge'"
http://catalogo.fi.uba.ar:8080/cgi-bin/koha/cataloguing/addbiblio.pl?biblionumber==001  20996,=001  20996,700,"b'Mercau, Agust\xc3\xadn'"
http://catalogo.fi.uba.ar:8080/cgi-bin/koha/cataloguing/addbiblio.pl?biblionumber==001  20996,=001  20996,700,"b'Segovia, Fernando'"
http://catalogo.fi.uba.ar:8080/cgi-bin/koha/cataloguing/addbiblio.pl?biblionumber==001  20997,=001  20997,100,"b'Torra, Ra\xc3\xbal'"
http://catalogo.fi.uba.ar:8080/cgi-bin/koha/cataloguing/addbiblio.pl?biblionumber==001  20998,=001  20998,100,"b'Torre, Enrique'"
http://catalogo.fi.uba.ar:8080/cgi-bin/koha/cataloguing/addbiblio.pl?biblionumber==001  20999,=001  20999,100,"b'Treglia, Horacio J.'"
http://catalogo.fi.uba.ar:8080/cgi-bin/koha/cataloguing/addbiblio.pl?biblionumber==001  20999,=001  20999,650,b'EJERCITO DE TIERRA'
http://catalogo.fi.uba.ar:8080/cgi-bin/koha/cataloguing/addbiblio.pl?biblionumber==001  20999,=001  20999,650,b'INSTALACIONES MILITARES'
http://catalogo.fi.uba.ar:8080/cgi-bin/koha/cataloguing/addbiblio.pl?biblionumber==001  21000,=001  21000,100,"b'Valiente Noailles, Lu\xc3\xads'"
http://catalogo.fi.uba.ar:8080/cgi-bin/koha/cataloguing/addbiblio.pl?biblionumber==001  21001,=001  21001,100,"b'Varangot, Alejandro.'"
http://catalogo.fi.uba.ar:8080/cgi-bin/koha/cataloguing/addbiblio.pl?biblionumber==001  21002,=001  21002,100,"b'Viggiano, Roque'"
http://catalogo.fi.uba.ar:8080/cgi-bin/koha/cataloguing/addbiblio.pl?biblionumber==001  21002,=001  21002,650,b'PUENTES MOVIBLES'
http://catalogo.fi.uba.ar:8080/cgi-bin/koha/cataloguing/addbiblio.pl?biblionumber==001  21003,=001  21003,100,"b'Wegner, Oscar P.'"
http://catalogo.fi.uba.ar:8080/cgi-bin/koha/cataloguing/addbiblio.pl?biblionumber==001  21004,=001  21004,100,"b'Weissmann, Le\xc3\xb3n N.'"
http://catalogo.fi.uba.ar:8080/cgi-bin/koha/cataloguing/addbiblio.pl?biblionumber==001  21005,=001  21005,100,"b'Wilmart, Jer\xc3\xb3nimo'"
http://catalogo.fi.uba.ar:8080/cgi-bin/koha/cataloguing/addbiblio.pl?biblionumber==001  21005,=001  21005,700,"b'Castro, Vicente'"
http://catalogo.fi.uba.ar:8080/cgi-bin/koha/cataloguing/addbiblio.pl?biblionumber==001  21005,=001  21005,700,"b'Dellepiane, Luis J.'"
http://catalogo.fi.uba.ar:8080/cgi-bin/koha/cataloguing/addbiblio.pl?biblionumber==001  21005,=001  21005,700,"b'Rospide, Juan'"
http://catalogo.fi.uba.ar:8080/cgi-bin/koha/cataloguing/addbiblio.pl?biblionumber==001  21005,=001  21005,700,"b'Segovia, Fernando'"
http://catalogo.fi.uba.ar:8080/cgi-bin/koha/cataloguing/addbiblio.pl?biblionumber==001  21006,=001  21006,100,"b'Fernandez Villa Aprile, Pedro'"
http://catalogo.fi.uba.ar:8080/cgi-bin/koha/cataloguing/addbiblio.pl?biblionumber==001  21006,=001  21006,700,"b'Canale, Humberto'"
http://catalogo.fi.uba.ar:8080/cgi-bin/koha/cataloguing/addbiblio.pl?biblionumber==001  21006,=001  21006,700,"b'Dellepiane, Luis J.'"
http://catalogo.fi.uba.ar:8080/cgi-bin/koha/cataloguing/addbiblio.pl?biblionumber==001  21006,=001  21006,700,"b'Duclout, Jorge'"
http://catalogo.fi.uba.ar:8080/cgi-bin/koha/cataloguing/addbiblio.pl?biblionumber==001  21006,=001  21006,700,"b'Labarthe, Julio'"
http://catalogo.fi.uba.ar:8080/cgi-bin/koha/cataloguing/addbiblio.pl?biblionumber==001  21006,=001  21006,700,"b'R\xc3\xb3spide, Juan'"
http://catalogo.fi.uba.ar:8080/cgi-bin/koha/cataloguing/addbiblio.pl?biblionumber==001  21006,=001  21006,700,"b'Sarrabayrouse, Eugenio'"
http://catalogo.fi.uba.ar:8080/cgi-bin/koha/cataloguing/addbiblio.pl?biblionumber==001  21006,=001  21006,700,"b'Segovia, Fernando'"
http://catalogo.fi.uba.ar:8080/cgi-bin/koha/cataloguing/addbiblio.pl?biblionumber==001  21007,=001  21007,100,"b'Ivanissevich, Ludovico'"
http://catalogo.fi.uba.ar:8080/cgi-bin/koha/cataloguing/addbiblio.pl?biblionumber==001  21007,=001  21007,650,b'PIUENTES MET\xc3\x81LICOS'
http://catalogo.fi.uba.ar:8080/cgi-bin/koha/cataloguing/addbiblio.pl?biblionumber==001  21007,=001  21007,700,"b'Candiani, Emilio'"
http://catalogo.fi.uba.ar:8080/cgi-bin/koha/cataloguing/addbiblio.pl?biblionumber==001  21007,=001  21007,700,"b'Castro, Vicente'"
http://catalogo.fi.uba.ar:8080/cgi-bin/koha/cataloguing/addbiblio.pl?biblionumber==001  21007,=001  21007,700,"b'Duclout, Jorge'"
http://catalogo.fi.uba.ar:8080/cgi-bin/koha/cataloguing/addbiblio.pl?biblionumber==001  21007,=001  21007,700,"b'Romero, Juli\xc3\xa1n'"
http://catalogo.fi.uba.ar:8080/cgi-bin/koha/cataloguing/addbiblio.pl?biblionumber==001  21007,=001  21007,700,"b'Segovia, Fernando'"
http://catalogo.fi.uba.ar:8080/cgi-bin/koha/cataloguing/addbiblio.pl?biblionumber==001  21008,=001  21008,100,"b'Palma, Ricardo J.'"
http://catalogo.fi.uba.ar:8080/cgi-bin/koha/cataloguing/addbiblio.pl?biblionumber==001  21009,=001  21009,100,"b'Gil Montero, Rosendo'"
http://catalogo.fi.uba.ar:8080/cgi-bin/koha/cataloguing/addbiblio.pl?biblionumber==001  21009,=001  21009,700,"b'Dellepiane, Luis J.'"
http://catalogo.fi.uba.ar:8080/cgi-bin/koha/cataloguing/addbiblio.pl?biblionumber==001  21009,=001  21009,700,"b'Duclout, Jorge'"
http://catalogo.fi.uba.ar:8080/cgi-bin/koha/cataloguing/addbiblio.pl?biblionumber==001  21009,=001  21009,700,"b'Sarrabayrouse, Eugenio'"
http://catalogo.fi.uba.ar:8080/cgi-bin/koha/cataloguing/addbiblio.pl?biblionumber==001  21009,=001  21009,700,"b'Schneidewind, Alberto'"
http://catalogo.fi.uba.ar:8080/cgi-bin/koha/cataloguing/addbiblio.pl?biblionumber==001  21009,=001  21009,700,"b'Segovia, Fernando'"
http://catalogo.fi.uba.ar:8080/cgi-bin/koha/cataloguing/addbiblio.pl?biblionumber==001  21009,=001  21009,700,"b'Volpatti, Eduardo'"
http://catalogo.fi.uba.ar:8080/cgi-bin/koha/cataloguing/addbiblio.pl?biblionumber==001  21010,=001  21010,100,"b'Mosca, Juan Jos\xc3\xa9 C.'"
http://catalogo.fi.uba.ar:8080/cgi-bin/koha/cataloguing/addbiblio.pl?biblionumber==001  21010,=001  21010,700,"b'Candiani, Emilio'"
http://catalogo.fi.uba.ar:8080/cgi-bin/koha/cataloguing/addbiblio.pl?biblionumber==001  21010,=001  21010,700,"b'Castro, Vicente'"
http://catalogo.fi.uba.ar:8080/cgi-bin/koha/cataloguing/addbiblio.pl?biblionumber==001  21010,=001  21010,700,"b'Dellepiane, Luis'"
http://catalogo.fi.uba.ar:8080/cgi-bin/koha/cataloguing/addbiblio.pl?biblionumber==001  21010,=001  21010,700,"b'Duclout, Jorge'"
http://catalogo.fi.uba.ar:8080/cgi-bin/koha/cataloguing/addbiblio.pl?biblionumber==001  21010,=001  21010,700,"b'Nogu\xc3\xa9s, Pablo'"
http://catalogo.fi.uba.ar:8080/cgi-bin/koha/cataloguing/addbiblio.pl?biblionumber==001  21010,=001  21010,700,"b'Rabinovich, Delf\xc3\xadn'"
http://catalogo.fi.uba.ar:8080/cgi-bin/koha/cataloguing/addbiblio.pl?biblionumber==001  21010,=001  21010,700,"b'Segovia, Fernando'"
http://catalogo.fi.uba.ar:8080/cgi-bin/koha/cataloguing/addbiblio.pl?biblionumber==001  21011,=001  21011,100,"b'Perrone, Cayetano.'"
http://catalogo.fi.uba.ar:8080/cgi-bin/koha/cataloguing/addbiblio.pl?biblionumber==001  21012,=001  21012,100,"b'Prieto, Domingo'"
http://catalogo.fi.uba.ar:8080/cgi-bin/koha/cataloguing/addbiblio.pl?biblionumber==001  21013,=001  21013,100,"b'Bottinelli, Federico M.'"
http://catalogo.fi.uba.ar:8080/cgi-bin/koha/cataloguing/addbiblio.pl?biblionumber==001  21014,=001  21014,100,"b'C\xc3\xa1lcena, Augusto'"
http://catalogo.fi.uba.ar:8080/cgi-bin/koha/cataloguing/addbiblio.pl?biblionumber==001  21014,=001  21014,650,b'CIRCULACION POR VIA ESTRECHA'
http://catalogo.fi.uba.ar:8080/cgi-bin/koha/cataloguing/addbiblio.pl?biblionumber==001  21015,=001  21015,100,"b'Sortheix, Jos\xc3\xa9 T.'"
http://catalogo.fi.uba.ar:8080/cgi-bin/koha/cataloguing/addbiblio.pl?biblionumber==001  21016,=001  21016,100,"b'Laporte, Luis B.'"
http://catalogo.fi.uba.ar:8080/cgi-bin/koha/cataloguing/addbiblio.pl?biblionumber==001  21017,=001  21017,100,"b'Briano, Juan A.'"
http://catalogo.fi.uba.ar:8080/cgi-bin/koha/cataloguing/addbiblio.pl?biblionumber==001  21018,=001  21018,100,"b'Martelli, Nicol\xc3\xa1s (h.)'"
http://catalogo.fi.uba.ar:8080/cgi-bin/koha/cataloguing/addbiblio.pl?biblionumber==001  21019,=001  21019,100,"b'Ja\xc3\xbaregui, Enrique'"
http://catalogo.fi.uba.ar:8080/cgi-bin/koha/cataloguing/addbiblio.pl?biblionumber==001  21020,=001  21020,100,"b'Tvethe, H. Magno'"
http://catalogo.fi.uba.ar:8080/cgi-bin/koha/cataloguing/addbiblio.pl?biblionumber==001  21020,=001  21020,700,"b'Candiani, Emilio'"
http://catalogo.fi.uba.ar:8080/cgi-bin/koha/cataloguing/addbiblio.pl?biblionumber==001  21020,=001  21020,700,"b'Castro, Vicente'"
http://catalogo.fi.uba.ar:8080/cgi-bin/koha/cataloguing/addbiblio.pl?biblionumber==001  21020,=001  21020,700,"b'Darquier, Juan'"
http://catalogo.fi.uba.ar:8080/cgi-bin/koha/cataloguing/addbiblio.pl?biblionumber==001  21020,=001  21020,700,"b'Duclout, Jorge'"
http://catalogo.fi.uba.ar:8080/cgi-bin/koha/cataloguing/addbiblio.pl?biblionumber==001  21020,=001  21020,700,"b'Mercau, Agust\xc3\xadn'"
http://catalogo.fi.uba.ar:8080/cgi-bin/koha/cataloguing/addbiblio.pl?biblionumber==001  21020,=001  21020,700,"b'Nogu\xc3\xa9s, Pablo'"
http://catalogo.fi.uba.ar:8080/cgi-bin/koha/cataloguing/addbiblio.pl?biblionumber==001  21020,=001  21020,700,"b'Paquet, Carlos'"
http://catalogo.fi.uba.ar:8080/cgi-bin/koha/cataloguing/addbiblio.pl?biblionumber==001  21020,=001  21020,700,"b'Velasco Lugones, Salvador'"
http://catalogo.fi.uba.ar:8080/cgi-bin/koha/cataloguing/addbiblio.pl?biblionumber==001  21021,=001  21021,100,"b'Berisso, Juan J.'"
http://catalogo.fi.uba.ar:8080/cgi-bin/koha/cataloguing/addbiblio.pl?biblionumber==001  21021,=001  21021,700,"b'Carossino, Jacinto F..'"
http://catalogo.fi.uba.ar:8080/cgi-bin/koha/cataloguing/addbiblio.pl?biblionumber==001  21021,=001  21021,700,"b'Cock, Guillermo E.'"
http://catalogo.fi.uba.ar:8080/cgi-bin/koha/cataloguing/addbiblio.pl?biblionumber==001  21021,=001  21021,700,"b'Duclout, Jorge'"
http://catalogo.fi.uba.ar:8080/cgi-bin/koha/cataloguing/addbiblio.pl?biblionumber==001  21021,=001  21021,700,"b'Mercau, Agust\xc3\xadn'"
http://catalogo.fi.uba.ar:8080/cgi-bin/koha/cataloguing/addbiblio.pl?biblionumber==001  21021,=001  21021,700,"b'Nogu\xc3\xa9s, Pablo'"
http://catalogo.fi.uba.ar:8080/cgi-bin/koha/cataloguing/addbiblio.pl?biblionumber==001  21021,=001  21021,700,"b'Volpatti, Eduardo'"
http://catalogo.fi.uba.ar:8080/cgi-bin/koha/cataloguing/addbiblio.pl?biblionumber==001  21022,=001  21022,100,"b'Albarrac\xc3\xadn, Alberto L.'"
http://catalogo.fi.uba.ar:8080/cgi-bin/koha/cataloguing/addbiblio.pl?biblionumber==001  21022,=001  21022,700,"b'Canale, Humberto'"
http://catalogo.fi.uba.ar:8080/cgi-bin/koha/cataloguing/addbiblio.pl?biblionumber==001  21022,=001  21022,700,"b'Castro, Vicente'"
http://catalogo.fi.uba.ar:8080/cgi-bin/koha/cataloguing/addbiblio.pl?biblionumber==001  21022,=001  21022,700,"b'Mercau, Agust\xc3\xadn'"
http://catalogo.fi.uba.ar:8080/cgi-bin/koha/cataloguing/addbiblio.pl?biblionumber==001  21022,=001  21022,700,"b'Segovia, Fernando'"
http://catalogo.fi.uba.ar:8080/cgi-bin/koha/cataloguing/addbiblio.pl?biblionumber==001  21023,=001  21023,100,"b'S\xc3\xa1nchez Cornejo, Jos\xc3\xa9 A.'"
http://catalogo.fi.uba.ar:8080/cgi-bin/koha/cataloguing/addbiblio.pl?biblionumber==001  21023,=001  21023,700,"b'Candioti, Marcial R.'"
http://catalogo.fi.uba.ar:8080/cgi-bin/koha/cataloguing/addbiblio.pl?biblionumber==001  21023,=001  21023,700,"b'Dubecq, Ra\xc3\xbal A.'"
http://catalogo.fi.uba.ar:8080/cgi-bin/koha/cataloguing/addbiblio.pl?biblionumber==001  21023,=001  21023,700,"b'Duclout, Jorge'"
http://catalogo.fi.uba.ar:8080/cgi-bin/koha/cataloguing/addbiblio.pl?biblionumber==001  21023,=001  21023,700,"b'Mercau, Agust\xc3\xadn'"
http://catalogo.fi.uba.ar:8080/cgi-bin/koha/cataloguing/addbiblio.pl?biblionumber==001  21023,=001  21023,700,"b'Nogu\xc3\xa9s, Pablo'"
http://catalogo.fi.uba.ar:8080/cgi-bin/koha/cataloguing/addbiblio.pl?biblionumber==001  21023,=001  21023,700,"b'Rabinovich, Delf\xc3\xadn'"
http://catalogo.fi.uba.ar:8080/cgi-bin/koha/cataloguing/addbiblio.pl?biblionumber==001  21023,=001  21023,700,"b'Segovia, Fernando'"
http://catalogo.fi.uba.ar:8080/cgi-bin/koha/cataloguing/addbiblio.pl?biblionumber==001  21024,=001  21024,100,"b'Bimbi, Jos\xc3\xa9 L.'"
